{
    "accuracy": 0.6191892896987727,
    "confusion_matrix": [
        [
            3135,
            2932
        ],
        [
            1164,
            3525
        ]
    ],
    "no_fire_accuracy": 0.5167298500082413,
    "fire_accuracy": 0.7517594369801663,
    "precision": [
        0.7292393579902303,
        0.5459191575034846
    ],
    "recall": [
        0.5167298500082413,
        0.7517594369801663
    ],
    "f1_score": [
        0.604862049006367,
        0.6325139063341109
    ],
    "prediction_distribution": {
        "fire": 6457,
        "no_fire": 4299
    }
}